{"DROWSY_0": [0.8053597035167206, 0.0, 0.0], "MICROSLEEP_1": [0.0, 3.5513536044105747, 0.0], "MICROSLEEP_2": [0.0, 0.0, 3.3664256907729033], "MICROSLEEP_3": [0.0, 0.0, -2.6085155], "MICROSLEEP_4": [0.0, 0.0, -0.842795], "MICROSLEEP_5": [0.0, 0.0, -4.8698992893507205], "DROWSY_5": [-4.999999999996256, 0.0, -4.971367915514888], "ALERT_5": [0.0, 0.0, 0.0], "ALERT_2": [0.0, 0.0, 0.0], "DROWSY_2": [-2.342795, 0.0, -0.8790670858354996], "MICROSLEEP_0": [4.34565168593328, 0.0, 6.12579511], "DROWSY_1": [-2.342795, -2.3790670858355, 0.0], "DROWSY_3": [-2.342795, 0.0, -1.5628975550000002], "DROWSY_4": [-2.342795, 0.0, -3.062897555], "ALERT_0": [0.0, 0.0, 0.0], "ALERT_1": [0.0, 0.0, 0.0], "ALERT_3": [0.0, 0.0, 0.0], "ALERT_4": [0.0, 0.0, 0.0], "DRUNK_0_Afternoon": [2.71, 0.0, 0.0], "ALERT": [0.0, 0.0, 0.0], "DROWSY_0_Afternoon": [-0.51341, 0.0, 0.0], "MICROSLEEP_0_Afternoon": [2.71, 0.0, 0.0], "CRITICAL_0_Afternoon": [-0.3583563311495426, 0.0, 0.0], "CRITICAL_1_Afternoon": [0.0, 6.5132155990000005, 0.0], "DROWSY_1_Afternoon": [0.0, 1.0, 0.0], "DROWSY": [9.999897095698543, 0.0, 0.0], "MICROSLEEP": [0.0, 8.905810108684877, 0.0]}