{"DROWSY_0": [-1.7195, 0.0, 0.0], "MICROSLEEP_1": [0.0, -2.342795, 0.0], "MICROSLEEP_2": [0.0, 0.0, 0.044500000000000095], "MICROSLEEP_3": [0.0, 0.0, -1.355], "MICROSLEEP_4": [0.0, 0.0, -1.355], "MICROSLEEP_5": [0.0, 0.0, -4.1332087892958755], "DROWSY_5": [0.0, 0.0, -2.6085155], "ALERT_5": [0.0, 0.0, 0.0], "ALERT_2": [0.0, 0.0, 0.0], "DROWSY_2": [0.0, 0.0, -0.5], "MICROSLEEP_0": [-0.5, 0.0, 0.0]}