{"DROWSY_0": [-0.95, 0.0, 0.0], "MICROSLEEP_1": [0.0, -1.355, 0.0], "MICROSLEEP_2": [0.0, 0.0, 0.55], "MICROSLEEP_3": [0.0, 0.0, -0.95], "MICROSLEEP_4": [0.0, 0.0, -0.95], "MICROSLEEP_5": [0.0, 0.0, -3.1877549055740797], "DROWSY_5": [0.0, 0.0, -2.6085155], "ALERT_5": [0.0, 0.0, 0.0], "ALERT_2": [0.0, 0.0, 0.0], "DROWSY_2": [0.0, 0.0, -0.5]}