{"DROWSY_0": [-1.991853094017375, 0.0, 0.0], "MICROSLEEP_1": [0.0, 1.7636247265205696, 0.0], "MICROSLEEP_2": [0.0, 0.0, 0.7109899340500001], "MICROSLEEP_3": [0.0, 0.0, -2.342795], "MICROSLEEP_4": [0.0, 0.0, -2.04755], "MICROSLEEP_5": [0.0, 0.0, -4.8698992893507205], "DROWSY_5": [-4.999999999996256, 0.0, -4.971367915514888], "ALERT_5": [0.0, 0.0, 0.0], "ALERT_2": [0.0, 0.0, 0.0], "DROWSY_2": [-2.342795, 0.0, -2.087852317595], "MICROSLEEP_0": [2.0441670398773235, 0.0, 0.0], "DROWSY_1": [-2.342795, -2.087852317595, 0.0], "DROWSY_3": [-2.342795, 0.0, -1.5628975550000002], "DROWSY_4": [-2.342795, 0.0, -3.062897555], "ALERT_0": [0.0, 0.0, 0.0], "ALERT_1": [0.0, 0.0, 0.0], "ALERT_3": [0.0, 0.0, 0.0]}