{"DROWSY_0": [-3.9705443395267546, 0.0, 0.0], "MICROSLEEP_1": [0.0, -2.8476639500000003, 0.0], "MICROSLEEP_2": [0.0, 0.0, -0.9103505], "MICROSLEEP_3": [0.0, 0.0, -2.04755], "MICROSLEEP_4": [0.0, 0.0, -2.04755], "MICROSLEEP_5": [0.0, 0.0, -4.8698992893507205], "DROWSY_5": [-4.999999999996256, 0.0, -4.764493565137688], "ALERT_5": [0.0, 0.0, 0.0], "ALERT_2": [0.0, 0.0, 0.0], "DROWSY_2": [-2.342795, 0.0, -2.342795], "MICROSLEEP_0": [-1.355, 0.0, 0.0], "DROWSY_1": [-2.342795, -2.04755, 0.0], "DROWSY_3": [-2.342795, 0.0, -1.7195], "DROWSY_4": [-2.342795, 0.0, -1.7195]}